slug,name
abtsteinach,Abtsteinach
aglasterhausen,Aglasterhausen
altlussheim,Altlussheim
angelbachtal,Angelbachtal
aschaffenburg,Aschaffenburg
auerbach-odenwald,Auerbach (Odenwald)
bad-durkheim,Bad Dürkheim
bammental,Bammental
beerfelden,Beerfelden
bensheim,Bensheim
birkenau,Birkenau
bobenheim-roxheim,Bobenheim-Roxheim
boxberg,Boxberg
brombachtal,Brombachtal
bruchsal,Bruchsal
bruhl,Brühl
buhl,Bühl
burstadt,Bürstadt
darmstadt,Darmstadt
dielheim,Dielheim
dossenheim,Dossenheim
eberbach,Eberbach
edingen-neckarhausen,Edingen-Neckarhausen
einhausen,Einhausen
eppelheim,Eppelheim
fischbach,Fischbach
forst-baden,Forst (Baden)
frankenthal,Frankenthal
frei-laubersheim,Frei-Laubersheim
gaiberg,Gaiberg
gauangelloch,Gauangelloch
gernsbach,Gernsbach
gorxheimertal,Gorxheimertal
grasellenbach,Grasellenbach
griesheim,Griesheim
gross-bieberau,Groß-Bieberau
hainburg,Hainburg
heddesheim,Heddesheim
heidelberg,Heidelberg
hemsbach,Hemsbach
heppenheim-bergstrasse,Heppenheim (Bergstraße)
hirschberg-an-der-bergstrasse,Hirschberg an der Bergstraße
hirschhorn,Hirschhorn
hirschhorn-neckar,Hirschhorn (Neckar)
hockenheim,Hockenheim
iggelbach,Iggelbach
ilvesheim,Ilvesheim
karlsdorf-neuthard,Karlsdorf-Neuthard
ketsch,Ketsch
kirchheim-am-neckar,Kirchheim am Neckar
klingenberg,Klingenberg
ladenburg,Ladenburg
lampertheim,Lampertheim
laudenbach-bergstrasse,Laudenbach (Bergstraße)
leimen,Leimen
leutershausen,Leutershausen
limburgerhof,Limburgerhof
lobbach,Lobbach
lorsch,Lorsch
ludwigshafen-am-rhein,Ludwigshafen am Rhein
lutzelsachsen,Lützelsachsen
malsch,Malsch
malschenberg,Malschenberg
mannheim,Mannheim
meckesheim,Meckesheim
meorlenbach,Mörlenbach
neckarbischofsheim,Neckarbischofsheim
neckargemund,Neckargemünd
neckarsteinach,Neckarsteinach
neckarzimmern,Neckarzimmern
neidenstein,Neidenstein
neulussheim,Neulussheim
neustadt-an-der-weinstrasse,Neustadt an der Weinstraße
nussloch,Nussloch
ober-hilsenhain,Ober-Hilsenhain
oberflockenbach,Oberflockenbach
oberhausen-rheinhausen,Oberhausen-Rheinhausen
oberzent,Oberzent
obrigheim-baden,Obrigheim (Baden)
odenheim,Odenheim
oftersheim,Oftersheim
plankstadt,Plankstadt
rauenberg,Rauenberg
reichartshausen,Reichartshausen
reichelsheim-odenwald,Reichelsheim (Odenwald)
reilingen,Reilingen
rimbach-odenwald,Rimbach (Odenwald)
rippenweier,Rippenweier
romerberg,Römerberg
rotenberg,Rotenberg
sandhausen,Sandhausen
sankt-leon-rot,Sankt Leon-Rot
schatthausen,Schatthausen
schifferstadt,Schifferstadt
schoenbrunn-baden,Schönbrunn (Baden)
schonau-odenwald,Schönau (Odenwald)
schriesheim,Schriesheim
schwarzach-odenwald,Schwarzach (Odenwald)
schwetzingen,Schwetzingen
sinsheim,Sinsheim
spechbach,Spechbach
speyer,Speyer
sulzbach,Sulzbach
sulzfeld-baden,Sulzfeld (Baden)
untergrombach,Untergrombach
viernheim,Viernheim
wald-michelbach,Wald-Michelbach
waldbrunn-baden,Waldbrunn (Baden)
walldorf,Walldorf
weinheim,Weinheim
weiterstadt,Weiterstadt
wiesenbach,Wiesenbach
wiesloch,Wiesloch
wilhelmsfeld,Wilhelmsfeld
winkelschule,Winkelschule
worms,Worms
zwingenberg,Zwingenberg
